First Name,Last Name,email,User name,Location,Phone Num,Job Title For User,Employee Number,Company
Le Van,Thinh,thinhlv@mutosi.com,thinhlv,HN,0,Supply Chain Director,MTS010920,Mutosi gr
Ngo Thi,Bac,bacnt@mutosi.com,bacnt,HN,0,Accountant,MTS0107113,Mutosi gr
Vu Quang,Trung,trungvq@mutosi.com,trungvq,HN,0,Chief Marketing Officer,MTS010508,Mutosi gr
Pham Quang,Dat,datpq@mutosi.com,datpq,HN,0,Creative service Manager,MTS010509,Mutosi gr
Tran Duc,Trung,trungtd@mutosi.com,trungtd,HN,0,Sales Director,MTS010103,Mutosi gr
Bui Ngoc,Sach,sachbn@mutosi.com,sachbn,HN,0,Regional Sales Manager - GT,MTS010205,Mutosi gr
Pham Dai,Huynh,huynhpd@mutosi.com,huynhpd,HN,0,National Sales Vice-Manager,MTS010206,Mutosi gr
Tran Trung,Dung,dungtt@mutosi.com,dungtt,HN,0,Chief Executive Officer,MTS123568,Mutosi gr
Phung Sy,Tien,tienps@mutosi.com,tienps,HN,0,Service Sales Team Leader,P010203,Mutosi gr
Vu Duc,Duong,duongvd@mutosi.com,duongvd,HN,0,Chief Experience Officer,MTS010817,Mutosi gr
Nguyen Van,Binh,binhnv@mutosi.com,binhnv,HN,0,Home appliance -R&D Team Leader,MTS010818,Mutosi gr
Nguyen Xuan,Bach,bachnx@mutosi.com,bachnx,HN,0,ASM- GT,MTS0102122,Mutosi gr
Nguyen Thi,Lien,liennt@mutosi.com,liennt,HN,0,Marcom Executive,MTS010510,Mutosi gr
Le Thi Khanh,Van,vanltk@mutosi.com,vanltk,HN,0,Accountant,MTS010714,Mutosi gr
Truong Hong,Nhung,nhungth@mutosi.com,nhungth,HN,0,Telesales,P010209,Mutosi gr
Doan Minh,Hai,haiminh@mutosi.com,haiminh,HN,0,ASM Junior,MTS010207,Mutosi gr
Tran Thi Thu,Ha,hattt@mutosi.com,hattt,HN,0,Customer Care Staff,MTS0106127,Mutosi gr
Kim Thi,Loan,loankt@mutosi.com,loankt,HN,0,HR Business Partner Manager,MTS010612,Mutosi gr
Nguyen Anh,Tuan,tuanna@mutosi.com,tuanna,HN,0,SM - GT,MTS010223,Mutosi gr
Nguyen Hong,Loan,loannh@mutosi.com,loannh,HN,0,Accountant,MTS010728,Mutosi gr
Do Quoc,Tan,tandq@mutosi.com,tandq,HN,0,Warehouse Keeper,MTS011129,Mutosi gr
Vuong Chi,Son,sonvc@mutosi.com,sonvc,HN,0,Trade Marketing Executive,MTS010530,Mutosi gr
Nguyen Van,Toan,toannv@mutosi.com,toannv,HN,0,SC Planning Executive,MTS0114135,Mutosi gr
Tran Hoang,An,anth@mutosi.com,anth,HN,0,SM - GT,MTS0102136,Mutosi gr
Dat,Trinh Quyet,dattq@mutosi.com,dattq,HN,0,Electromechanical Technician,MTS011032,Mutosi gr
Le Thi,Trang,tranglt@mutosi.com,tranglt,HN,0,Warehouse Keeper,MTS010734,Mutosi gr
Vu Cong,Hai,haivc@mutosi.com,haivc,HN,0,SM - GT,MTS0102143,Mutosi gr
Nguyen Huu,Thang,thangnh@mutosi.com,thangnh,HN,0,SM - GT,MTS010236,Mutosi gr
Huu Thi,Nguyet,nguyetht@mutosi.com,nguyetht,HN,0,Sales Accountant,MTS010741,Mutosi gr
Hoang The,Nam,namht@mutosi.com,namht,HN,0,SM - GT,MTS0102144,Mutosi gr
Le Thanh,Hai,hai.lt@mutosi.com,hai.lt,HN,0,SM - GT,MTS020248,Mutosi gr
Nguyen Canh,Lam,lamnc@mutosi.com,lamnc,HN,0,Prodution Team Leader,MTS011056,Mutosi gr
Nguyen Minh,Thang,thangnm@mutosi.com,thangnm,HN,0,SM - GT,MTS0102147,Mutosi gr
Nguyen Thi,Thuy,Purchase@mutosi.com,Purchase,HN,0,Procurement Executive,MTS010954,Mutosi gr
Bui Van,Toan,toanbv@mutosi.com,toanbv,HN,0,ASM – GT,MTS010260,Mutosi gr
Doan Thanh,Hoa,hoadt@mutosi.com,hoadt,HN,0,Product Launching & Water Line Manager,MTS0104154,Mutosi gr
Dang,Hai Duong,duongdh@mutosi.com,duongdh,HN,0,Digital Marketing Team Leader,MTS010562,Mutosi gr
Lieu Thuy,Mai,mailt@mutosi.com,mailt,HN,0,National Sales Manager - MT,MTS0203155,Mutosi gr
Ngo Dieu,Thao,thaond@mutosi.com,thaond,HN,0,Regional Sales Manager - MT,MTS0203156,Mutosi gr
Tran Van,Hoang,hoangtv@mutosi.com,hoangtv,HN,0,Production Team Leader,MTS010874,Mutosi gr
Pham Van,Duc,ducpv@mutosi.com,ducpv,HN,0,SM - GT,MTS010276,Mutosi gr
Pham,Nen,nenpham@mutosi.com,nenpham,HN,0,SM - GT,MTS0202172,Mutosi gr
Quan Quoc,Huy,huyqq@mutosi.com,huyqq,HN,0,Project Sales Representative,MTS010489,Mutosi gr
Nguyen Thanh,Phat,phatnt@mutosi.com,phatnt,HN,0,Area Sales Manager – MT South,MTS0203174,Mutosi gr
Doan Thi Huyen,Trang,trangdth@mutosi.com,trangdth,HN,0,Tax Accountant,MTS0107176,Mutosi gr
Ta Minh,Khoi,khoitm@mutosi.com,khoitm,HN,0,Sales Supervisor - GT,MTS0102101,Mutosi gr
Dang Phuong,Dong,dongdp@mutosi.com,dongdp,HN,0,SM - GT,MTS0202182,Mutosi gr
Le Hoang,Long,longlh@mutosi.com,longlh,HN,0,SM - GT,MTS0102184,Mutosi gr
Le Minh,Hieu,hieulm@mutosi.com,hieulm,HN,0,Area Sales Manager – MT South,MTS0203185,Mutosi gr
Tran Hong,Phong,phongth@mutosi.com,phongth,HN,0,SM - GT,MTS0102109,Mutosi gr
Dao Duy,Phuong,phuongdd@mutosi.com,phuongdd,HN,0,Technical Warranty Manager,MTS0208110,Mutosi gr
Le Hong,Son,sonlh@mutosi.com,sonlh,HN,0,Sales Representative - GT,MTS0102188,Mutosi gr
Nguyen Thi Mong,Xoan,xoanntm@mutosi.com,xoanntm,HN,0,Sales Admin - Project,P010202,Mutosi gr
Do Van,Hau,haudv@mutosi.com,haudv,HN,0,Head of Product Quality Control,MTS010101,Mutosi gr
Tran Minh,Khanh,khanhtm@mutosi.com,khanhtm,HN,0,Service Salesman,P010205,Mutosi gr
Vu Tuan,Anh,anhvt@mutosi.com,anhvt,HN,0,SM - GT,MTS0202202,Mutosi gr
Nguyen Thi Thuy,Dung,dungntt@mutosi.com,dungntt,HN,0,Sales Admin,P010211,Mutosi gr
Nguyen Van,Linh,linhnv@mutosi.com,linhnv,HN,0,SM - GT,MTS0102197,Mutosi gr
Huynh Thi Kim,Tho,thohtk@mutosi.com,thohtk,HN,0,Team Leader MT mi?n Nam,MTS0203236,Mutosi gr
Kieu Cong,Viet,vietkc@mutosi.com,vietkc,HN,0,SM - GT,MTS0102216,Mutosi gr
Pham Xuan,Nam,nampx@mutosi.com,nampx,HN,0,SM - GT,MTS0302215,Mutosi gr
Phan Thi Anh,Thu,thupta@mutosi.com,thupta,HN,0,C&B Cum Admin Team Leader,MTS0106212,Mutosi gr
Tran Thien,Duc,ductt@mutosi.com,ductt,HN,0,Factory Deputy Director,MTS0108220,Mutosi gr
Nguyen Thi Thu,Hang,hangntt@mutosi.com,hangntt,HN,0,Recruitment Executive,MTS0106247,Mutosi gr
Tran Thi Minh,Tam,tamttm@mutosi.com,tamttm,HN,0,HR Director,MTS0106269,Mutosi gr
Ngo Thuy,Duong,duongnt1@mutosi.com,duongnt1,HN,0,Training Executive,MTS0106352,Mutosi gr
Nguyen Van,Duc,ducnv@mutosi.com,ducnv,HN,0,Product Technical Manager,MTS0115282,Mutosi gr
Nguyen Dinh,Tuan,tuannd@mutosi.com,tuannd,HN,0,Dispatcher,MTS0109354,Mutosi gr
Vuong Thi Thu,Linh,linhvtt@mutosi.com,linhvtt,HN,0,Sales Operation Manager,MTS0102355,Mutosi gr
Ly Chan,Chau,chaulc@mutosi.com,chaulc,HN,0,SM - GT,MTS0102290,Mutosi gr
Nguyen Van,Diep,diepnv@mutosi.com,diepnv,HN,0,Electronic Design Executive,MTS0115301,Mutosi gr
Hoang Ngoc,Tien,tienhn@mutosi.com,tienhn,HN,0,QC Staff,MTS0110302,Mutosi gr
Duong Thi Thanh,Hai,haidtt@mutosi.com,haidtt,HN,0,Project Implementation Executive,MTS0107330,Mutosi gr
Nguyen Viet,Duc,ducnguyen@mutosi.com,ducnguyen,HN,0,SM - GT,MTS0102314,Mutosi gr
Nguyen Ngoc,Huynh,huynhnn@mutosi.com,huynhnn,HN,0,Financial Analyst,MTS0107326,Mutosi gr
Nguyen Thanh,Do,dont@mutosi.com,dont,HN,0,SM - GT,MTS0302332,Mutosi gr
Do Manh,Tuan,tuandm@mutosi.com,tuandm,HN,0,QA/QC Deputy Manager,MTS0115333,Mutosi gr
Bui Thi,Hien,hienbt@mutosi.com,hienbt,HN,0,Legal Executive,MTS0106364,Mutosi gr
Nguyen Thi,Nhuan,nhuannt@mutosi.com,nhuannt,HN,0,Customer Services Staff,MTS0108367,Mutosi gr
Nguyen Thi,Lien,asst.liennt@mutosi.com,asst.liennt,HN,0,CEO Assistant cum Board Secretary,MTS0101368,Mutosi gr
Pham Van,Lam,lampv@mutosi.com,lampv,HN,0,Biding Engineer,MTS0117369,Mutosi gr
Nguyen Thi,Huong,huongnt@mutosi.com,huongnt,HN,0,Procurement Executive,MTS0109375,Mutosi gr
Ho Nhat,Long,longhn@mutosi.com,longhn,HN,0,SM - GT,MTS0302381,Mutosi gr
Truong Minh,Tan,tantm@mutosi.com,tantm,HN,0,SM - GT,MTS0302383,Mutosi gr
Tran Duc,Thang,thangtd@mutosi.com,thangtd,HN,0,Creative service Executive,MTS0105393,Mutosi gr
Vu Tuan,Anh,anhvt1@mutosi.com,anhvt1,HN,0,Marketing Executive,MTS0105394,Mutosi gr
To Thi Phuong,Thuy,thuyttp@mutosi.com,thuyttp,HN,0,Product Marketing Excecutive,MTS0115396,Mutosi gr
La Manh,Dung,dunglm@mutosi.com,dunglm,HN,0,SM - GT,MTS0102399,Mutosi gr
Nguyen Manh,Cuong,cuongnm@mutosi.com,cuongnm,HN,0,Quality Assurance Executive,MTS0118402,Mutosi gr
Nguyen Quang,Vinh,vinhnq@mutosi.com,vinhnq,HN,0,SM - GT,MTS0202412,Mutosi gr
Nguyen Ngoc,Van Anh,anhnnv@mutosi.com,anhnnv,HN,0,Communication Executive,MTS0106413,Mutosi gr
Pham Van,Loi,loipv@mutosi.com,loipv,HN,0,Technical Production Manager,MTS0110416,Mutosi gr
Ngo Minh,Quan,quannm@mutosi.com,quannm,HN,0,Trade Executive,MTS0205418,Mutosi gr
Pham Ngoc,Thuy,thuypn@mutosi.com,thuypn,HN,0,Marcom Executive,MTS0105427,Mutosi gr
Vu Si,Dat,datvs@mutosi.com,datvs,HN,0,Production Technician Staff,MTS0110428,Mutosi gr
Nguyen Tan,Dat,datnt@mutosi.com,datnt,HN,0,SM - GT,MTS0102430,Mutosi gr
Vu Hoang,Minh,minhvh@mutosi.com,minhvh,HN,0,R&D Director,MTS0115431,Mutosi gr
Tran Thi Thuy,Trang,trangttt@mutosi.com,trangttt,HN,0,MKT Manager,MTS0105435,Mutosi gr
Truong Ba Ngoc,Hung,hungtbn@mutosi.com,hungtbn,HN,0,Customer Service Manager,MTS0108442,Mutosi gr
Ho Thi Mai,Phuong,phuonghtm@mutosi.com,phuonghtm,HN,0,Sales Admin,MTS0102452,Mutosi gr
Do Xuan,Hung,hungdx@mutosi.com,hungdx,HN,0,SM - GT,MTS0102466,Mutosi gr
Le Tien,Manh,manhlt@mutosi.com,manhlt,HN,0,Sales Capability Development Manager,MTS0117472,Mutosi gr
Nguyen Phi,Long,longnp@mutosi.com,longnp,HN,0,SM - GT,MTS0102477,Mutosi gr
Lam Thuy,Hien,hienlt@mutosi.com,hienlt,HN,0,C&B Staff,MTS0106487,Mutosi gr
Nguyen Duy,Hoang,hoangnd@mutosi.com,hoangnd,HN,0,Industrial Design Executive,MTS0115521,Mutosi gr
Mai Thi Thuy,Linh,linhmtt@mutosi.com,linhmtt,HN,0,Communication Staff,MTS0106531,Mutosi gr
Nguyen Anh,Duc,ducna@mutosi.com,ducna,HN,0,Developer Teamleader cum DevOpt,MTS0119533,Mutosi gr
Nguyen Van,Hung,hungnv@mutosi.com,hungnv,HN,0,Admin Service Staff,MTS0108541,Mutosi gr
Tran To,Hoa,hoatt@mutosi.com,hoatt,HN,0,SM - GT,MTS0202544,Mutosi gr
Ngo Tran Bao,Hiep,hiepntb@mutosi.com,hiepntb,HN,0,Chief Technology Officer (CTO),MTS0219562,Mutosi gr
Bui Duc,Tinh,tinhbd@mutosi.com,tinhbd,HN,0,SM - GT,MTS0102137,Mutosi gr
Nguyen Thi,Thuy,thuynt@mutosi.com,thuynt,HN,0,Technical Warranty Executive,MTS0108579,Mutosi gr
Lai The,Duy,duylt@mutosi.com,duylt,HN,0,Production Technician Excecutive,MTS0110580,Mutosi gr
Kim Van,Vu,vukv@mutosi.com,vukv,HN,0,Mechanical Design manager,MTS0115588,Mutosi gr
Vu Tuan,Ngoc,ngocvt@mutosi.com,ngocvt,HN,0,ERP Manager,MTS0119593,Mutosi gr
Chu Cong,Dat,datcc@mutosi.com,datcc,HN,0,Digital Excecutive,MTS0105594,Mutosi gr
Nguyen Thi,Phuong,phuongnt@mutosi.com,phuongnt,HN,0,Recruitment Executive,MTS0106605,Mutosi gr
Duong Thi,Nga,ngadt@mutosi.com,ngadt,HN,0,Sales Accounting Executive,MTS0107607,Mutosi gr
Nguyen Thi,Phuc,phucnt@mutosi.com,phucnt,HN,0,Order Admin Staff,MTS0111610,Mutosi gr
Le Thi Kim,Anh,anhltk@mutosi.com,anhltk,HN,0,Biding Engineer,MTS0117631,Mutosi gr
Pham Huyen,Diep,diepph@mutosi.com,diepph,HN,0,Marcom Staff,MTS0105637,Mutosi gr
Nguyen Van,Hung,hungnv1@mutosi.com,hungnv1,HN,0,Business Analyst Team Leader,MTS0119651,Mutosi gr
Pham Van,Thieu,thieupv@mutosi.com,thieupv,HN,0,Output Quality Staff,MTS0118653,Mutosi gr
Vu Ngoc,Phu,phuvn@mutosi.com,phuvn,HN,0,SM - GT,MTS0102656,Mutosi gr
Nguyen Anh,Tuan,tuanna1@mutosi.com,tuanna1,HN,0,Purchasing Staff,MTS0109676,Mutosi gr
Khong Thi Hong,Anh,anhkth@mutosi.com,anhkth,HN,0,Customer Services Intern,MTS0108569,Mutosi gr
Tran Sy,Anh,anhts@mutosi.com,anhts,HN,0,SM - GT,MTS0202685,Mutosi gr
Nguyen Minh,Giao,giaonm@mutosi.com,giaonm,HN,0,Quality Management Specialist,MTS0118691,Mutosi gr
Nguyen Huu,Tan,tannh@mutosi.com,tannh,HN,0,SM - GT,MTS0102698,Mutosi gr
Do Thi,Huong,huongdt1@mutosi.com,huongdt1,HN,0,Sales Online Manager,MTS0105700,Mutosi gr
Bui Thu,Huong,huongbt@mutosi.com,huongbt,HN,0,2D Designer,MTS0105718,Mutosi gr
Nguyen Thanh,Long,longnt@mutosi.com,longnt,HN,0,Designer,MTS0106719,Mutosi gr
Dinh Gia,Thang,thangdg@mutosi.com,thangdg,HN,0,Chief Accountant,MTS0107713,Mutosi gr
Nguyen Thi Hang,Nga,nganth@mutosi.com,nganth,HN,0,Product Manager Cum CMO Assistant,MTS0105733,Mutosi gr
Nguyen Thanh,Trung,trungnt@mutosi.com,trungnt,HN,0,Finance Manager,MTS0107722,Mutosi gr
Tran Duc,Trung,trungtd1@mutosi.com,trungtd1,HN,0,SM - GT,MTS0102735,Mutosi gr
Do Thi Bich,Hue,huedtb@mutosi.com,huedtb,HN,0,Service Admin Staff,MTS0208730,Mutosi gr
Trinh Hoai Nam,Anh,anhthn@mutosi.com,anhthn,HN,0,SM - GT,MTS0102743,Mutosi gr
Dao Minh,Anh,anhdm@mutosi.com,anhdm,HN,0,Telesales Staff,MTS0105744,Mutosi gr
Cao Thi,Duyen,duyenct@mutosi.com,duyenct,HN,0,Telesales Staff,MTS0105753,Mutosi gr
Khuong Duy,Thanh,thanhkd@mutosi.com,thanhkd,HN,0,SM - GT,MTS0102764,Mutosi gr
Tran Van,Anh,anhtv@mutosi.com,anhtv,HN,0,Sales Admin,MTS0123767,Mutosi gr
Le Thanh,Binh,binhlt@mutosi.com,binhlt,HN,0,Le Thanh Binh - Purchasing & Sourcing Executive,MTS0109782,Mutosi gr
Nguyen Thi Hong,Nhung,nhungnth@mutosi.com,nhungnth,HN,0,Product Marketing Executive,MTS0105784,Mutosi gr
Nguyen Thi Hong,Nga,nganth1@mutosi.com,nganth1,HN,0,Product Marketing Staff,MTS0105785,Mutosi gr
Truong Hoai,Nam,namth@mutosi.com,namth,HN,0,ASM - GT,MTS0302787,Mutosi gr
Nguyen Thi Mai,Phuong,phuongntm@mutosi.com,phuongntm,HN,0,Customer Services Staff,MTS0108796,Mutosi gr
Vy Ngoc,Tho,thovn@mutosi.com,thovn,HN,0,ASM - GT,MTS0102797,Mutosi gr
Nguyen Minh,Trang,trangnm@mutosi.com,trangnm,HN,0,Customer Services Staff,MTS0108811,Mutosi gr
Nguyen Phi,Toan,toannp@mutosi.com,toannp,HN,0,Technical Warranty Excecutive,MTS0208814,Mutosi gr
Le Thi,Hao,haolt@mutosi.com,haolt,HN,0,Import & Export Executive,MTS0109818,Mutosi gr
Le Vu Chung,Thanh,thanhlvc@mutosi.com,thanhlvc,HN,0,Product Marketing Staff,MTS0105820,Mutosi gr
Hoang The,Dung,dunght@mutosi.com,dunght,HN,0,Product Development Manager - Air,MTS0115815,Mutosi gr
Nguyen Tien,Dung,dungnt1@mutosi.com,dungnt1,HN,0,SM - GT,MTS0302824,Mutosi gr
Doan Thi Hong,Phuong,phuongdth@mutosi.com,phuongdth,HN,0,DMS System Administration Specialist,MTS0123827,Mutosi gr
Dinh Quang,Hung,hungdq@mutosi.com,hungdq,HN,0,Warranties Storekeeper,MTS0114830,Mutosi gr
Duong Thi Huyen,Tran,trandth@mutosi.com,trandth,HN,0,Admin Service Excecutive,MTS0208842,Mutosi gr
Luu Van,Viet,vietlv@mutosi.com,vietlv,HN,0,SM - GT,MTS0102849,Mutosi gr
Nguyen Thi,Yen,yennt@mutosi.com,yennt,HN,0,Telesales Procare,MTS0122853,Mutosi gr
Le Tram,Anh,anhlt@mutosi.com,anhlt,HN,0,Product Marketing Excecutive,MTS0105856,Mutosi gr
Tran Phung,Yen,yentp@mutosi.com,yentp,HN,0,Area Sales Manager - MT South,MTS0203852,Mutosi gr
Pham Thi Yen,Nhi,nhipty@mutosi.com,nhipty,HN,0,Admin,MTS0222872,Mutosi gr
Nguyen Thi Hai,Yen,yennth1@mutosi.com,yennth1,HN,0,Warehouse Staff,MTS0114873,Mutosi gr
Pham The,Cuong,cuongpt@mutosi.com,cuongpt,HN,0,SM - GT,MTS0102874,Mutosi gr
Pho Thanh,Lam,lampt@mutosi.com,lampt,HN,0,SM - GT,MTS0102878,Mutosi gr
Tran Thi Bich,Thao,thaottb@mutosi.com,thaottb,HN,0,Content SEO Staff,MTS0105880,Mutosi gr
Vo Hong,Phuc,phucvh@mutosi.com,phucvh,HN,0,Product Marketing Staff,MTS0105882,Mutosi gr
Pham Thao,Mai,maipt@mutosi.com,maipt,HN,0,Recruitment Staff Cum Admin,MTS0206884,Mutosi gr
Luong Ngoc,Linh,linhln@mutosi.com,linhln,HN,0,Telesales PRC,MTS0122887,Mutosi gr
Ngo Van,Dong,dongnv@mutosi.com,dongnv,HN,0,SM - GT,MTS0102893,Mutosi gr
Tran Thi,Thu,thutt@mutosi.com,thutt,HN,0,Admin Trade Marketing Staff,MTS0105894,Mutosi gr
Dang Thuy,Nhi,nhidt@mutosi.com,nhidt,HN,0,Admin Staff,MTS0106896,Mutosi gr
Do Quy,Quang,quangdq@mutosi.com,quangdq,HN,0,2D Designer Staff,MTS0106903,Mutosi gr
Nguyen Tan,Luu,luunt@mutosi.com,luunt,HN,0,Salesman - GT,MTS0302942,Mutosi gr
Huynh Huu,Duy,duyhh@mutosi.com,duyhh,HN,0,SM - GT,MTS0202688,Mutosi gr
Trinh Van,Trang,trangtv@mutosi.com,trangtv,HN,0,SM - GT,MTS0102953,Mutosi gr
Vu Minh,Duc,ducvm@mutosi.com,ducvm,HN,0,Project Engineer,MTS0117956,Mutosi gr
Le Thi,Chuyen,chuyenlt@mutosi.com,chuyenlt,HN,0,Telesales Staff,MTS0105966,Mutosi gr
Le Quang,Hieu,hieulq@mutosi.com,hieulq,HN,0,Sale Sup,MTS0202974,Mutosi gr
Tran Thi Bich,Ngoc,ngocttb@mutosi.com,ngocttb,HN,0,Warehouse Admin,MTS0210975,Mutosi gr
Bui Phuong,Uyen,uyenbp@mutosi.com,uyenbp,HN,0,Trade Marketing Intern,MTS0105994,Mutosi gr
Tran Quang,Tien,tientq@mutosi.com,tientq,HN,0,RSM MT,MTS01031001,Mutosi gr
Vo The,Nam,namvt@mutosi.com,namvt,HN,0,SM - GT,MTS0303863,Mutosi gr
Tran The,Anh,anhtt@mutosi.com,anhtt,HN,0,PG/PB Teamleader,MTS01031007,Mutosi gr
Luu Minh,Can,canlm@mutosi.com,canlm,HN,0,Trade Marketing Manager,MTS02051029,Mutosi gr
Pham Thi Thu,Lua,luaptt@mutosi.com,luaptt,HN,0,Customer Services Staff,MTS01081032,Mutosi gr
Vu Van,Hung,hungvv@mutosi.com,hungvv,HN,0,ASM - GT,MTS03021035,Mutosi gr
Tran Thi Ha,Phuong,phuongtth@mutosi.com,phuongtth,HN,0,Trade Marketing Intern,MTS01051041,Mutosi gr
Le Thi,Chung,chunglt@mutosi.com,chunglt,HN,0,HR Intern,MTS01061042,Mutosi gr
Du Minh,Tram,tramdm@mutosi.com,tramdm,HN,0,Payment Accountant,MTS01071043,Mutosi gr
Nguyen Quoc,Tuan,tuannq@mutosi.com,tuannq,HN,0,Internal Control Manager,MTS01161046,Mutosi gr
Bui Xuan,Vu,vubx@mutosi.com,vubx,HN,0,Sale Supervisor,MTS03021049,Mutosi gr
Nguyen Thi Thuy,Duong,duongntt@mutosi.com,duongntt,HN,0,HR Intern,MTS01061056,Mutosi gr
Tran Thi,Thuy,thuytt@mutosi.com,thuytt,HN,0, Customer Service Staff,MTS01081059,Mutosi gr
Nguyen Van Tien,Thanh,thanhnvt@mutosi.com,thanhnvt,HN,0,SM GT,MTS03021064,Mutosi gr
Nguyen Dieu,Anh,anhnd@mutosi.com,anhnd,HN,0,Risk Management Executive,MTS01161067,Mutosi gr
Nguyen Cong,Danh,danhnc@mutosi.com,danhnc,HN,0,SM GT,MTS03021070,Mutosi gr
Le Anh,Tuan,tuanla@mutosi.com,tuanla,HN,0,SM GT,MTS01021071,Mutosi gr
Nguyen Hong,Quang,quangnh@mutosi.com,quangnh,HN,0,Warehouse and Dispatch Manager,MTS01141072,Mutosi gr
Nguyen Nhu,Quynh,quynhnn@mutosi.com,quynhnn,HN,0,E- Commerce Staff,MTS01051073,Mutosi gr
Tran Thi Phuong,Thao,thaottp@mutosi.com,thaottp,HN,0,Sales Admin Staff,MTS01051083,Mutosi gr
Le Cong,An,anlc@mutosi.com,anlc,HN,0,SM GT,MTS01021084,Mutosi gr
Pham Minh,Chien,chienpm@mutosi.com,chienpm,HN,0,SM GT,MTS01021086,Mutosi gr
Thai Thi Minh,Ngoc,ngocttm@mutosi.com,ngocttm,HN,0,Customer Service Staff,MTS01081120,Mutosi gr
Nguyen Thi Minh,Hue,huentm@mutosi.com,huentm,HN,0,Warehouse Admin Staff,MTS01141130,Mutosi gr
Huynh Nguyen Tuan,Anh,anhhnt@mutosi.com,anhhnt,HN,0,Trade Marketing Executive,MTS02051133,Mutosi gr
Bui The,Danh,danhbt@mutosi.com,danhbt,HN,0,SM GT,MTS03021134,Mutosi gr
Ta Thuy,Nga,ngatt@mutosi.com,ngatt,HN,0,Telesales Staff PRC,MTS01221135,Mutosi gr
Le Cao,Nguyen,nguyenlc@mutosi.com,nguyenlc,HN,0,SM GT,MTS02021136,Mutosi gr
